dataset,n_nodes,n_leaves,n_paths,n_test_cases,n_test_cases_limit_criterion
"Iris",17,9,9,9,9
"Wine Recognition",23,12,12,12,12
"Breast Cancer Wisconsin",43,22,22,22,22
"Cleveland Heart Disease",99,50,50,50,50
"Banknote Authentication",53,27,27,27,27
"Haberman’s Survival",207,104,104,104,104
"Pima Indians Diabetes",255,128,128,128,128
"Sonar, Mines vs. Rocks",45,23,23,23,23
"Ionosphere",45,23,23,23,23
"Phoneme",1041,521,521,521,521
"Mammography",319,160,160,160,160
"Oil Spill",69,35,35,35,35
